filename	timestamp
001.jpeg	2019-09-06T11:06:05-04:00
002.jpeg	2019-10-11T11:05:12-04:00
003.jpeg	2019-10-13T18:05:22-04:00
004.jpeg	2019-10-16T18:11:57-04:00
005.jpeg	2019-10-29T17:09:27-04:00
006.jpeg	2019-10-30T11:10:45-04:00
007.jpeg	2019-10-31T17:39:51-04:00
008.jpeg	2019-11-21T18:17:07-05:00
009.jpeg	2019-11-22T11:11:56-05:00
010.jpeg	2019-11-26T17:05:21-05:00
011.jpeg	2020-01-14T17:32:50-05:00
012.jpeg	2020-01-15T17:32:17-05:00
013.jpeg	2020-01-16T18:30:09-05:00
014.jpeg	2020-01-17T17:41:21-05:00
015.jpeg	2020-01-19T17:22:51-05:00
016.jpeg	2020-01-22T08:54:06-05:00
017.jpeg	2020-01-23T17:31:38-05:00
018.jpeg	2020-01-24T12:10:02-05:00
019.jpeg	2020-01-27T17:27:40-05:00
020.jpeg	2020-01-28T17:25:44-05:00
021.jpeg	2020-01-29T17:44:09-05:00
022.jpeg	2020-01-30T17:16:51-05:00
023.jpeg	2020-02-04T17:34:47-05:00
024.jpeg	2020-02-07T17:48:21-05:00
025.jpeg	2020-02-08T18:02:14-05:00
026.jpeg	2020-02-09T12:20:51-05:00
027.jpeg	2020-02-10T17:02:21-05:00
028.jpeg	2020-02-12T17:26:28-05:00
029.jpeg	2020-02-17T17:34:29-05:00
030.jpeg	2020-02-18T17:32:05-05:00
031.jpeg	2020-02-21T12:18:16-05:00
032.jpeg	2020-02-22T17:20:35-05:00
033.jpeg	2020-02-23T17:30:37-05:00
034.jpeg	2020-02-24T13:10:27-05:00
035.jpeg	2020-02-24T17:19:12-05:00
036.jpeg	2020-02-25T17:30:43-05:00
037.jpeg	2020-03-03T17:36:23-05:00
038.jpeg	2020-03-06T17:33:14-05:00
039.jpeg	2020-03-08T17:18:54-04:00
040.jpeg	2020-03-10T17:26:11-04:00
041.jpeg	2020-03-11T11:07:11-04:00
042.jpeg	2020-03-11T17:38:24-04:00
043.jpeg	2020-03-11T18:08:23-04:00
044.jpeg	2020-03-12T11:08:42-04:00
045.jpeg	2020-03-12T17:35:20-04:00
046.jpeg	2020-03-13T11:07:58-04:00
047.jpeg	2020-03-13T18:55:34-04:00
048.jpeg	2020-03-14T17:38:57-04:00
049.jpeg	2020-03-15T17:55:23-04:00
050.jpeg	2020-03-16T17:57:37-04:00
051.jpeg	2020-03-17T17:41:18-04:00
052.jpeg	2020-03-17T17:42:28-04:00
053.jpeg	2020-03-18T17:57:20-04:00
054.jpeg	2020-03-19T17:33:47-04:00
055.jpeg	2020-08-23T19:48:48-06:00
056.jpeg	2020-08-23T19:48:56-06:00
057.jpeg	2020-08-24T15:26:37-06:00
058.jpeg	2020-08-25T10:52:24-06:00
059.jpeg	2020-08-26T10:45:18-06:00
060.jpeg	2020-08-27T10:16:51-06:00
061.jpeg	2020-08-28T11:59:21-06:00
062.jpeg	2020-08-28T18:01:47-06:00
063.jpeg	2020-08-28T18:18:42-06:00
064.jpeg	2020-08-31T09:30:45-06:00
065.jpeg	2020-09-01T11:28:05-06:00
066.jpeg	2020-09-02T08:59:33-06:00
067.jpeg	2020-09-02T18:15:53-06:00
068.jpeg	2020-09-03T15:57:38-06:00
069.jpeg	2020-09-04T11:15:13-06:00
070.jpeg	2020-09-04T18:19:45-06:00
071.jpeg	2020-09-05T10:54:58-06:00
072.jpeg	2020-09-05T16:48:42-06:00
073.jpeg	2020-09-06T15:26:50-06:00
074.jpeg	2020-09-07T13:20:40-04:00
075.jpeg	2020-09-07T20:24:15-04:00
076.jpeg	2020-09-08T15:10:57-04:00
077.jpeg	2020-09-09T10:49:31-04:00
078.jpeg	2020-09-09T18:02:15-04:00
079.jpeg	2020-09-10T15:17:51-04:00
080.jpeg	2020-09-11T11:07:43-04:00
081.jpeg	2020-09-11T18:01:36-04:00
082.jpeg	2020-09-12T12:40:34-04:00
083.jpeg	2020-09-12T18:22:50-04:00
084.jpeg	2020-09-13T12:35:18-04:00
085.jpeg	2020-09-13T18:29:46-04:00
086.jpeg	2020-09-14T10:53:27-04:00
087.jpeg	2020-09-14T20:05:29-04:00
088.jpeg	2020-09-15T15:05:31-04:00
089.jpeg	2020-09-16T10:53:04-04:00
090.jpeg	2020-09-16T20:18:22-04:00
091.jpeg	2020-09-17T15:11:38-04:00
092.jpeg	2020-09-17T19:42:22-04:00
093.jpeg	2020-09-18T11:00:11-04:00
094.jpeg	2020-09-18T20:11:44-04:00
095.jpeg	2020-09-19T11:59:28-04:00
096.jpeg	2020-09-20T12:17:28-04:00
097.jpeg	2020-09-20T20:12:31-04:00
098.jpeg	2020-09-21T10:58:20-04:00
099.jpeg	2020-09-22T15:16:13-04:00
100.jpeg	2020-09-23T10:59:54-04:00
101.jpeg	2020-09-23T18:20:17-04:00
102.jpeg	2020-09-24T15:27:01-04:00
103.jpeg	2020-09-24T19:59:51-04:00
104.jpeg	2020-09-25T10:59:09-04:00
105.jpeg	2020-09-25T20:24:47-04:00
106.jpeg	2020-09-26T13:46:07-04:00
107.jpeg	2020-09-26T20:37:27-04:00
108.jpeg	2020-09-27T13:00:08-04:00
109.jpeg	2020-09-27T20:23:23-04:00
110.jpeg	2020-09-28T10:51:42-04:00
111.jpeg	2020-09-28T18:19:15-04:00
112.jpeg	2020-09-29T15:15:02-04:00
113.jpeg	2020-09-30T10:56:17-04:00
114.jpeg	2020-09-30T20:17:03-04:00
115.jpeg	2020-10-01T15:20:22-04:00
116.jpeg	2020-10-01T19:59:24-04:00
117.jpeg	2020-10-02T13:23:37-04:00
118.jpeg	2020-10-02T20:27:29-04:00
119.jpeg	2020-10-03T12:58:38-04:00
120.jpeg	2020-10-05T10:56:53-04:00
121.jpeg	2020-10-06T00:10:38-04:00
122.jpeg	2020-10-06T15:11:21-04:00
123.jpeg	2020-10-07T11:13:34-04:00
124.jpeg	2020-10-08T02:39:19-04:00
125.jpeg	2020-10-08T15:16:48-04:00
126.jpeg	2020-10-08T19:59:05-04:00
127.jpeg	2020-10-09T11:06:58-04:00
128.jpeg	2020-10-09T20:28:33-04:00
129.jpeg	2020-10-10T20:40:54-04:00
130.jpeg	2020-10-11T18:53:41-04:00
131.jpeg	2020-10-12T12:41:49-04:00
132.jpeg	2020-10-12T20:12:30-04:00
133.jpeg	2020-10-13T15:12:50-04:00
134.jpeg	2020-10-14T14:41:31-04:00
135.jpeg	2020-10-14T20:20:37-04:00
136.jpeg	2020-10-15T15:14:25-04:00
137.jpeg	2020-10-16T13:46:10-04:00
138.jpeg	2020-10-16T19:23:26-04:00
139.jpeg	2020-10-17T13:00:12-04:00
140.jpeg	2020-10-17T19:58:41-04:00
141.jpeg	2020-10-18T12:58:04-04:00
142.jpeg	2020-10-18T20:40:30-04:00
143.jpeg	2020-10-19T14:14:28-04:00
144.jpeg	2020-10-19T23:11:07-04:00
145.jpeg	2020-10-20T15:13:33-04:00
146.jpeg	2020-10-21T11:02:58-04:00
147.jpeg	2020-10-22T13:11:42-04:00
148.jpeg	2020-10-22T19:59:46-04:00
149.jpeg	2020-10-23T20:52:27-04:00
150.jpeg	2020-10-24T13:39:24-04:00
151.jpeg	2020-10-25T12:39:48-04:00
152.jpeg	2020-10-26T10:51:52-04:00
153.jpeg	2020-10-26T18:20:15-04:00
154.jpeg	2020-10-27T15:16:25-04:00
155.jpeg	2020-10-28T11:04:37-04:00
156.jpeg	2020-10-29T13:29:26-04:00
157.jpeg	2020-10-29T20:01:11-04:00
158.jpeg	2020-10-30T13:30:42-04:00
159.jpeg	2020-10-30T19:40:51-04:00
160.jpeg	2020-10-31T13:00:42-04:00
161.jpeg	2020-10-31T20:20:03-04:00
162.jpeg	2020-11-01T12:57:31-05:00
163.jpeg	2020-11-01T19:54:35-05:00
164.jpeg	2020-11-02T11:10:22-05:00
165.jpeg	2020-11-02T20:05:29-05:00
166.jpeg	2020-11-03T15:11:29-05:00
167.jpeg	2020-11-04T15:06:46-05:00
168.jpeg	2020-11-04T20:19:27-05:00
169.jpeg	2020-11-05T13:26:29-05:00
170.jpeg	2020-11-05T20:01:32-05:00
171.jpeg	2020-11-06T13:25:29-05:00
172.jpeg	2020-11-06T20:17:45-05:00
173.jpeg	2020-11-07T11:59:53-05:00
174.jpeg	2020-11-07T18:40:55-05:00
175.jpeg	2020-11-08T11:58:56-05:00
176.jpeg	2020-11-08T20:12:01-05:00
177.jpeg	2020-11-09T14:39:28-05:00
178.jpeg	2020-11-10T00:54:35-05:00
179.jpeg	2020-11-10T13:31:29-05:00
180.jpeg	2020-11-11T15:15:47-05:00
181.jpeg	2020-11-11T20:28:38-05:00
182.jpeg	2020-11-12T13:26:46-05:00
183.jpeg	2020-11-13T13:22:45-05:00
184.jpeg	2020-11-13T20:20:12-05:00
185.jpeg	2020-11-14T14:15:28-05:00
186.jpeg	2020-11-14T20:08:07-05:00
187.jpeg	2020-11-15T19:46:15-05:00
188.jpeg	2020-11-16T13:45:07-05:00
189.jpeg	2020-11-16T20:16:21-05:00
190.jpeg	2020-11-17T15:20:53-05:00
191.jpeg	2020-11-18T15:16:07-05:00
192.jpeg	2020-11-19T15:06:48-05:00
193.jpeg	2020-11-19T19:56:45-05:00
194.jpeg	2020-11-19T21:05:04-05:00
195.jpeg	2020-11-20T12:29:45-05:00
196.jpeg	2020-11-20T20:11:00-05:00
197.jpeg	2020-11-21T13:58:46-05:00
198.jpeg	2020-11-22T17:49:58-05:00
199.jpeg	2020-11-23T14:01:30-05:00
200.jpeg	2020-11-24T15:49:47-05:00
201.jpeg	2020-11-25T19:50:10-05:00
202.jpeg	2020-11-26T15:09:07-05:00
203.jpeg	2020-11-26T15:09:12-05:00
204.jpeg	2020-11-27T13:36:56-05:00
205.jpeg	2020-11-27T19:43:25-05:00
206.jpeg	2020-11-28T14:09:27-05:00
207.jpeg	2020-11-28T19:10:25-05:00
208.jpeg	2020-11-29T14:18:43-05:00
209.jpeg	2020-11-29T19:12:47-05:00
210.jpeg	2020-11-30T13:44:10-05:00
211.jpeg	2020-11-30T18:09:23-05:00
212.jpeg	2020-12-01T13:39:28-05:00
213.jpeg	2020-12-02T13:50:18-05:00
214.jpeg	2020-12-02T19:23:59-05:00
215.jpeg	2020-12-03T19:17:53-05:00
216.jpeg	2020-12-04T13:25:45-05:00
217.jpeg	2020-12-04T19:05:23-05:00
218.jpeg	2020-12-05T12:59:17-05:00
219.jpeg	2020-12-05T19:13:55-05:00
220.jpeg	2020-12-06T18:41:19-05:00
221.jpeg	2020-12-07T13:51:45-05:00
222.jpeg	2020-12-08T13:26:47-05:00
223.jpeg	2020-12-09T14:10:34-05:00
224.jpeg	2020-12-10T13:27:01-05:00
225.jpeg	2020-12-11T14:00:54-05:00
226.jpeg	2020-12-11T19:25:29-05:00
227.jpeg	2020-12-12T13:00:55-05:00
228.jpeg	2020-12-12T20:10:27-05:00
229.jpeg	2020-12-13T12:00:12-05:00
230.jpeg	2020-12-13T19:07:29-05:00
231.jpeg	2020-12-15T13:29:18-05:00
232.jpeg	2020-12-16T14:23:41-05:00
233.jpeg	2020-12-17T14:18:46-05:00
234.jpeg	2020-12-17T19:04:01-05:00
235.jpeg	2020-12-18T13:14:12-05:00
236.jpeg	2020-12-19T13:36:30-05:00
237.jpeg	2020-12-19T23:59:13-05:00
238.jpeg	2021-01-24T15:01:38-05:00
239.jpeg	2021-01-24T17:14:10-05:00
240.jpeg	2021-01-24T17:15:27-05:00
241.jpeg	2021-01-25T18:16:34-05:00
242.jpeg	2021-01-26T18:26:01-05:00
243.jpeg	2021-01-26T18:38:29-05:00
244.jpeg	2021-01-26T19:23:26-05:00
245.jpeg	2021-01-27T03:56:00-05:00
246.jpeg	2021-01-27T13:19:59-05:00
247.jpeg	2021-01-27T14:20:56-05:00
248.jpeg	2021-01-27T20:42:16-05:00
249.jpeg	2021-01-28T19:10:20-05:00
250.jpeg	2021-01-29T15:17:21-05:00
251.jpeg	2021-01-30T20:31:36-05:00
252.jpeg	2021-01-31T18:56:25-05:00
253.jpeg	2021-02-01T14:59:42-05:00
254.jpeg	2021-02-02T18:28:32-05:00
255.jpeg	2021-02-03T15:04:06-05:00
256.jpeg	2021-02-04T14:29:54-05:00
257.jpeg	2021-02-04T19:56:37-05:00
258.jpeg	2021-02-05T14:36:28-05:00
259.jpeg	2021-02-06T13:55:44-05:00
260.jpeg	2021-02-06T19:59:45-05:00
261.jpeg	2021-02-07T13:08:15-05:00
262.jpeg	2021-02-07T19:40:38-05:00
263.jpeg	2021-02-07T19:41:27-05:00
264.jpeg	2021-02-08T13:03:55-05:00
265.jpeg	2021-02-08T20:44:52-05:00
266.jpeg	2021-02-08T20:55:16-05:00
267.jpeg	2021-02-09T12:35:20-05:00
268.jpeg	2021-02-09T20:16:59-05:00
269.jpeg	2021-02-10T12:59:01-05:00
270.jpeg	2021-02-11T13:27:08-05:00
271.jpeg	2021-02-11T20:08:00-05:00
272.jpeg	2021-02-12T17:35:31-05:00
273.jpeg	2021-02-13T12:57:30-05:00
274.jpeg	2021-02-13T19:57:24-05:00
275.jpeg	2021-02-14T12:03:17-05:00
276.jpeg	2021-02-14T20:22:12-05:00
277.jpeg	2021-02-15T13:03:03-05:00
278.jpeg	2021-02-16T13:11:10-05:00
279.jpeg	2021-02-16T19:54:49-05:00
280.jpeg	2021-02-17T13:05:50-05:00
281.jpeg	2021-02-17T19:49:52-05:00
282.jpeg	2021-02-17T20:06:19-05:00
283.jpeg	2021-02-18T13:08:21-05:00
284.jpeg	2021-02-18T20:00:34-05:00
285.jpeg	2021-02-19T14:30:53-05:00
286.jpeg	2021-02-19T18:33:58-05:00
287.jpeg	2021-02-20T13:09:03-05:00
288.jpeg	2021-02-21T12:31:25-05:00
289.jpeg	2021-02-22T13:02:38-05:00
290.jpeg	2021-02-23T12:53:50-05:00
291.jpeg	2021-02-23T19:56:39-05:00
292.jpeg	2021-02-23T19:57:30-05:00
293.jpeg	2021-02-24T13:15:27-05:00
294.jpeg	2021-02-24T19:35:59-05:00
295.jpeg	2021-02-25T13:12:27-05:00
296.jpeg	2021-02-25T19:52:53-05:00
297.jpeg	2021-02-26T14:35:04-05:00
298.jpeg	2021-02-26T20:02:46-05:00
299.jpeg	2021-02-27T12:59:51-05:00
300.jpeg	2021-02-28T12:19:23-05:00
301.jpeg	2021-02-28T20:03:11-05:00
302.jpeg	2021-03-01T13:15:44-05:00
303.jpeg	2021-03-01T20:37:36-05:00
304.jpeg	2021-03-02T13:13:19-05:00
305.jpeg	2021-03-02T20:12:33-05:00
306.jpeg	2021-03-03T12:56:59-05:00
307.jpeg	2021-03-04T13:11:05-05:00
308.jpeg	2021-03-04T20:05:52-05:00
309.jpeg	2021-03-05T18:00:52-05:00
310.jpeg	2021-03-06T13:55:30-05:00
311.jpeg	2021-03-06T20:09:21-05:00
312.jpeg	2021-03-07T12:18:15-05:00
313.jpeg	2021-03-07T19:58:00-05:00
314.jpeg	2021-03-07T20:10:15-05:00
315.jpeg	2021-03-08T12:57:52-05:00
316.jpeg	2021-03-09T13:30:25-05:00
317.jpeg	2021-03-09T19:58:56-05:00
318.jpeg	2021-03-10T13:28:28-05:00
319.jpeg	2021-03-11T13:14:29-05:00
320.jpeg	2021-03-11T20:01:18-05:00
321.jpeg	2021-03-12T14:32:46-05:00
322.jpeg	2021-03-12T20:13:40-05:00
323.jpeg	2021-03-13T13:02:30-05:00
324.jpeg	2021-03-13T19:52:42-05:00
325.jpeg	2021-03-14T12:23:15-04:00
326.jpeg	2021-03-14T19:49:01-04:00
327.jpeg	2021-03-15T20:09:36-04:00
328.jpeg	2021-03-15T20:09:39-04:00
329.jpeg	2021-03-16T13:49:28-04:00
330.jpeg	2021-03-16T19:59:23-04:00
331.jpeg	2021-03-17T13:15:26-04:00
332.jpeg	2021-03-17T19:55:05-04:00
333.jpeg	2021-03-18T13:22:35-04:00
334.jpeg	2021-03-18T19:58:08-04:00
335.jpeg	2021-03-19T14:37:50-04:00
336.jpeg	2021-03-19T19:49:54-04:00
337.jpeg	2021-03-19T20:05:41-04:00
338.jpeg	2021-03-20T13:58:47-04:00
339.jpeg	2021-03-21T12:30:41-04:00
340.jpeg	2021-03-21T21:16:22-04:00
341.jpeg	2021-03-21T21:42:01-04:00
342.jpeg	2021-03-22T13:17:09-04:00
343.jpeg	2021-03-23T13:35:56-04:00
344.jpeg	2021-03-23T20:06:15-04:00
345.jpeg	2021-03-25T13:06:32-04:00
346.jpeg	2021-03-25T20:04:22-04:00
347.jpeg	2021-03-26T14:37:34-04:00
348.jpeg	2021-03-27T13:10:01-04:00
349.jpeg	2021-03-27T20:25:40-04:00
350.jpeg	2021-03-28T13:03:06-04:00
351.jpeg	2021-03-29T13:08:07-04:00
352.jpeg	2021-03-29T20:23:53-04:00
353.jpeg	2021-03-30T13:19:02-04:00
354.jpeg	2021-03-31T13:07:24-04:00
355.jpeg	2021-04-01T14:08:31-04:00
356.jpeg	2021-04-01T20:06:30-04:00
357.jpeg	2021-04-02T14:09:44-04:00
358.jpeg	2021-04-02T19:43:25-04:00
359.jpeg	2021-04-03T13:44:13-04:00
360.jpeg	2021-04-03T20:13:35-04:00
361.jpeg	2021-04-04T09:27:10-04:00
362.jpeg	2021-04-04T20:07:12-04:00
363.jpeg	2021-04-05T13:02:18-04:00
364.jpeg	2021-04-06T13:27:10-04:00
365.jpeg	2021-04-06T19:55:16-04:00
366.jpeg	2021-04-07T12:59:27-04:00
367.jpeg	2021-04-08T14:55:44-04:00
368.jpeg	2021-04-09T14:39:28-04:00
369.jpeg	2021-04-09T20:40:58-04:00
370.jpeg	2021-04-10T13:11:14-04:00
371.jpeg	2021-04-11T12:25:04-04:00
372.jpeg	2021-04-11T19:39:27-04:00
373.jpeg	2021-04-12T13:06:50-04:00
374.jpeg	2021-04-12T21:36:08-04:00
375.jpeg	2021-04-13T13:29:55-04:00
376.jpeg	2021-04-13T20:26:02-04:00
377.jpeg	2021-04-14T13:05:44-04:00
378.jpeg	2021-04-14T21:54:59-04:00
379.jpeg	2021-04-15T13:39:12-04:00
380.jpeg	2021-04-15T20:20:49-04:00
381.jpeg	2021-04-16T13:27:01-04:00
382.jpeg	2021-04-16T14:31:47-04:00
383.jpeg	2021-04-17T13:46:13-04:00
384.jpeg	2021-04-17T20:06:12-04:00
385.jpeg	2021-04-18T09:26:33-04:00
386.jpeg	2021-04-18T19:57:58-04:00
387.jpeg	2021-04-19T13:09:22-04:00
388.jpeg	2021-04-19T20:43:39-04:00
389.jpeg	2021-04-20T13:21:36-04:00
390.jpeg	2021-04-20T19:30:23-04:00
391.jpeg	2021-04-21T13:11:55-04:00
392.jpeg	2021-04-21T19:46:27-04:00
393.jpeg	2021-04-22T13:54:50-04:00
394.jpeg	2021-04-22T20:01:14-04:00
395.jpeg	2021-04-23T13:32:38-04:00
396.jpeg	2021-04-23T19:10:28-04:00
397.jpeg	2021-04-24T13:54:50-04:00
398.jpeg	2021-04-25T12:50:51-04:00
399.jpeg	2021-04-25T19:44:00-04:00
400.jpeg	2021-04-26T13:37:31-04:00
401.jpeg	2021-04-26T20:21:01-04:00
402.jpeg	2021-04-27T13:13:05-04:00
403.jpeg	2021-04-27T19:22:40-04:00
404.jpeg	2021-04-28T02:40:30-04:00
405.jpeg	2021-04-28T13:19:07-04:00
406.jpeg	2021-04-29T15:47:30-04:00
407.jpeg	2021-04-29T20:01:13-04:00
408.jpeg	2021-04-30T13:16:37-04:00
409.jpeg	2021-05-01T19:59:54-04:00
410.jpeg	2021-05-02T14:01:51-04:00
411.jpeg	2021-05-02T19:53:18-04:00
412.jpeg	2021-05-02T23:50:37-04:00
413.jpeg	2021-05-03T13:13:05-04:00
414.jpeg	2021-05-03T19:39:58-04:00
415.jpeg	2021-05-04T13:40:25-04:00
416.jpeg	2021-05-05T14:33:53-04:00
417.jpeg	2021-05-05T21:58:44-04:00
418.jpeg	2021-05-06T14:16:19-04:00
419.jpeg	2021-05-06T19:12:56-04:00
420.jpeg	2021-05-07T14:45:38-04:00
421.jpeg	2021-05-07T20:05:22-04:00
422.jpeg	2021-05-08T13:05:27-04:00
423.jpeg	2021-05-08T21:30:50-04:00
424.jpeg	2021-05-09T20:00:57-04:00
425.jpeg	2021-05-10T13:13:56-04:00
426.jpeg	2021-05-10T23:47:06-04:00
427.jpeg	2021-05-11T14:20:33-04:00
428.jpeg	2021-05-11T19:25:56-04:00
429.jpeg	2021-05-12T02:32:44-04:00
430.jpeg	2021-05-12T13:12:43-04:00
431.jpeg	2021-05-13T14:13:09-04:00
432.jpeg	2021-05-13T21:34:19-04:00
433.jpeg	2021-05-14T13:19:49-04:00
434.jpeg	2021-05-14T20:10:21-04:00
435.jpeg	2021-05-15T14:02:35-04:00
436.jpeg	2021-05-15T21:24:41-04:00
437.jpeg	2021-05-16T14:06:29-04:00
438.jpeg	2021-05-16T20:52:29-04:00
439.jpeg	2021-05-17T14:32:46-04:00
440.jpeg	2021-05-17T21:27:05-04:00
441.jpeg	2021-05-18T14:15:10-04:00
442.jpeg	2021-05-19T13:45:12-04:00
443.jpeg	2021-05-20T00:46:31-04:00
444.jpeg	2021-05-20T14:45:54-04:00
445.jpeg	2021-05-20T22:19:20-04:00
446.jpeg	2021-05-21T14:01:32-04:00
447.jpeg	2021-05-21T19:53:28-04:00
448.jpeg	2021-08-19T19:14:40-04:00
449.jpeg	2021-08-19T19:25:35-04:00
450.jpeg	2021-08-20T17:02:54-04:00
451.jpeg	2021-08-21T17:18:54-04:00
452.jpeg	2021-08-22T11:08:18-04:00
453.jpeg	2021-08-22T19:26:08-04:00
454.jpeg	2021-08-22T19:31:53-04:00
455.jpeg	2021-08-23T12:16:03-04:00
456.jpeg	2021-08-23T19:32:45-04:00
457.jpeg	2021-08-24T10:54:13-04:00
458.jpeg	2021-08-24T10:56:27-04:00
459.jpeg	2021-08-24T19:10:17-04:00
460.jpeg	2021-08-25T13:43:03-04:00
461.jpeg	2021-08-25T17:22:51-04:00
462.jpeg	2021-08-25T17:43:34-04:00
463.jpeg	2021-08-26T13:15:36-04:00
464.jpeg	2021-08-26T19:01:47-04:00
465.jpeg	2021-08-26T19:26:07-04:00
466.jpeg	2021-08-27T12:15:50-04:00
467.jpeg	2021-08-27T19:35:38-04:00
468.jpeg	2021-08-27T19:45:35-04:00
469.jpeg	2021-08-28T17:24:14-04:00
470.jpeg	2021-08-29T13:14:59-04:00
471.jpeg	2021-08-29T18:27:34-04:00
472.jpeg	2021-08-30T12:33:56-04:00
473.jpeg	2021-08-30T18:55:49-04:00
474.jpeg	2021-08-31T13:04:05-04:00
475.jpeg	2021-09-01T12:34:32-04:00
476.jpeg	2021-09-01T19:24:10-04:00
477.jpeg	2021-09-02T13:15:43-04:00
478.jpeg	2021-09-03T12:26:21-04:00
479.jpeg	2021-09-03T18:00:14-04:00
480.jpeg	2021-09-04T12:36:10-04:00
481.jpeg	2021-09-04T19:20:35-04:00
482.jpeg	2021-09-05T13:23:51-04:00
483.jpeg	2021-09-05T19:05:26-04:00
484.jpeg	2021-09-05T19:14:37-04:00
485.jpeg	2021-09-06T12:24:08-04:00
486.jpeg	2021-09-06T19:25:09-04:00
487.jpeg	2021-09-07T13:01:10-04:00
488.jpeg	2021-09-07T18:48:24-04:00
489.jpeg	2021-09-08T12:25:08-04:00
490.jpeg	2021-09-08T19:29:30-04:00
491.jpeg	2021-09-09T13:14:57-04:00
492.jpeg	2021-09-10T12:28:34-04:00
493.jpeg	2021-09-10T19:51:00-04:00
494.jpeg	2021-09-11T12:39:11-04:00
495.jpeg	2021-09-11T18:37:44-04:00
496.jpeg	2021-09-12T17:55:53-04:00
497.jpeg	2021-09-14T13:05:20-04:00
498.jpeg	2021-09-14T19:39:10-04:00
499.jpeg	2021-09-15T12:28:31-04:00
500.jpeg	2021-09-15T19:11:40-04:00
501.jpeg	2021-09-16T13:04:41-04:00
502.jpeg	2021-09-16T18:40:25-04:00
503.jpeg	2021-09-16T19:06:17-04:00
504.jpeg	2021-09-17T12:28:59-04:00
505.jpeg	2021-09-17T18:52:46-04:00
506.jpeg	2021-09-18T13:13:22-04:00
507.jpeg	2021-09-18T19:32:14-04:00
508.jpeg	2021-09-19T13:05:37-04:00
509.jpeg	2021-09-19T17:28:24-04:00
510.jpeg	2021-09-20T12:28:34-04:00
511.jpeg	2021-09-20T19:08:58-04:00
512.jpeg	2021-09-21T12:55:19-04:00
513.jpeg	2021-09-21T19:51:06-04:00
514.jpeg	2021-09-22T12:25:14-04:00
515.jpeg	2021-09-22T19:36:34-04:00
516.jpeg	2021-09-23T13:02:07-04:00
517.jpeg	2021-09-23T20:37:25-04:00
518.jpeg	2021-09-24T12:24:13-04:00
519.jpeg	2021-09-25T13:07:29-04:00
520.jpeg	2021-09-25T19:23:59-04:00
521.jpeg	2021-09-26T13:55:17-04:00
522.jpeg	2021-09-26T19:11:24-04:00
523.jpeg	2021-09-27T12:56:23-04:00
524.jpeg	2021-09-27T19:32:53-04:00
525.jpeg	2021-09-28T18:39:49-04:00
526.jpeg	2021-09-29T12:28:51-04:00
527.jpeg	2021-09-29T18:18:01-04:00
528.jpeg	2021-09-30T12:57:59-04:00
529.jpeg	2021-10-01T12:35:39-04:00
530.jpeg	2021-10-01T18:29:35-04:00
531.jpeg	2021-10-02T18:20:06-04:00
532.jpeg	2021-10-04T12:27:39-04:00
533.jpeg	2021-10-04T20:09:52-04:00
534.jpeg	2021-10-05T12:55:27-04:00
535.jpeg	2021-10-05T18:36:02-04:00
536.jpeg	2021-10-06T12:35:02-04:00
537.jpeg	2021-10-06T19:16:51-04:00
538.jpeg	2021-10-07T12:59:43-04:00
539.jpeg	2021-10-07T19:47:18-04:00
540.jpeg	2021-10-08T12:46:07-04:00
541.jpeg	2021-10-08T18:07:03-04:00
542.jpeg	2021-10-09T13:41:23-04:00
543.jpeg	2021-10-09T19:09:09-04:00
544.jpeg	2021-10-11T11:08:53-04:00
545.jpeg	2021-10-11T19:03:16-04:00
546.jpeg	2021-10-12T13:54:20-04:00
547.jpeg	2021-10-12T18:32:07-04:00
548.jpeg	2021-10-13T12:32:09-04:00
549.jpeg	2021-10-13T19:02:25-04:00
550.jpeg	2021-10-14T13:08:48-04:00
551.jpeg	2021-10-14T17:57:37-04:00
552.jpeg	2021-10-15T12:31:19-04:00
553.jpeg	2021-10-15T19:16:46-04:00
554.jpeg	2021-10-16T12:33:17-04:00
555.jpeg	2021-10-16T19:13:46-04:00
556.jpeg	2021-10-17T13:48:17-04:00
557.jpeg	2021-10-17T18:10:49-04:00
558.jpeg	2021-10-18T12:23:34-04:00
559.jpeg	2021-10-18T20:13:58-04:00
560.jpeg	2021-10-19T13:11:42-04:00
561.jpeg	2021-10-20T12:30:07-04:00
562.jpeg	2021-10-21T12:49:27-04:00
563.jpeg	2021-10-22T12:25:36-04:00
564.jpeg	2021-10-22T18:45:29-04:00
565.jpeg	2021-10-23T13:22:08-04:00
566.jpeg	2021-10-23T19:09:26-04:00
567.jpeg	2021-10-24T13:43:21-04:00
568.jpeg	2021-10-24T18:37:26-04:00
569.jpeg	2021-10-25T12:27:59-04:00
570.jpeg	2021-10-25T20:14:42-04:00
571.jpeg	2021-10-26T12:51:36-04:00
572.jpeg	2021-10-26T19:12:03-04:00
573.jpeg	2021-10-27T13:25:18-04:00
574.jpeg	2021-10-27T19:32:47-04:00
575.jpeg	2021-10-28T12:55:52-04:00
576.jpeg	2021-10-28T19:34:08-04:00
577.jpeg	2021-10-29T13:42:23-04:00
578.jpeg	2021-10-29T19:09:40-04:00
579.jpeg	2021-10-30T12:36:38-04:00
580.jpeg	2021-10-30T19:08:54-04:00
581.jpeg	2021-10-31T13:55:08-04:00
582.jpeg	2021-10-31T19:09:01-04:00
583.jpeg	2021-11-01T12:20:55-04:00
584.jpeg	2021-11-01T20:12:28-04:00
585.jpeg	2021-11-02T12:59:11-04:00
586.jpeg	2021-11-02T18:14:15-04:00
587.jpeg	2021-11-03T12:22:23-04:00
588.jpeg	2021-11-03T12:26:35-04:00
589.jpeg	2021-11-03T19:09:16-04:00
590.jpeg	2021-11-04T13:07:58-04:00
591.jpeg	2021-11-05T12:27:45-04:00
592.jpeg	2021-11-05T18:42:05-04:00
593.jpeg	2021-11-06T13:54:13-04:00
594.jpeg	2021-11-07T10:42:20-05:00
595.jpeg	2021-11-07T19:15:37-05:00
596.jpeg	2021-11-08T12:45:44-05:00
597.jpeg	2021-11-08T20:14:54-05:00
598.jpeg	2021-11-09T13:03:48-05:00
599.jpeg	2021-11-09T19:23:46-05:00
600.jpeg	2021-11-10T12:57:38-05:00
601.jpeg	2021-11-10T19:12:13-05:00
602.jpeg	2021-11-11T13:02:35-05:00
603.jpeg	2021-11-11T18:44:58-05:00
604.jpeg	2021-11-12T12:50:34-05:00
605.jpeg	2021-11-12T20:06:12-05:00
606.jpeg	2021-11-13T12:33:06-05:00
607.jpeg	2021-11-13T18:40:17-05:00
608.jpeg	2021-11-14T10:55:49-05:00
609.jpeg	2021-11-14T17:10:26-05:00
610.jpeg	2021-11-15T13:15:59-05:00
611.jpeg	2021-11-15T20:18:24-05:00
612.jpeg	2021-11-16T12:59:06-05:00
613.jpeg	2021-11-16T19:00:54-05:00
614.jpeg	2021-11-17T12:57:57-05:00
615.jpeg	2021-11-17T19:17:23-05:00
616.jpeg	2021-11-18T13:03:54-05:00
617.jpeg	2021-11-18T18:42:14-05:00
618.jpeg	2021-11-19T10:59:24-05:00
619.jpeg	2021-11-19T18:24:35-05:00
620.jpeg	2021-11-20T13:04:59-05:00
621.jpeg	2021-11-21T13:25:41-05:00
622.jpeg	2021-11-21T17:17:52-05:00
623.jpeg	2021-11-22T12:52:06-05:00
624.jpeg	2021-11-22T19:26:55-05:00
625.jpeg	2021-11-23T12:49:58-05:00
626.jpeg	2021-11-24T13:47:35-05:00
627.jpeg	2021-11-25T14:07:50-05:00
628.jpeg	2021-11-25T14:42:52-05:00
629.jpeg	2021-11-26T13:43:31-05:00
630.jpeg	2021-11-26T19:32:54-05:00
631.jpeg	2021-11-27T17:40:50-05:00
632.jpeg	2021-11-28T13:47:59-05:00
633.jpeg	2021-11-28T18:52:44-05:00
634.jpeg	2021-11-29T20:13:05-05:00
635.jpeg	2021-11-30T12:54:17-05:00
636.jpeg	2021-11-30T19:14:56-05:00
637.jpeg	2021-12-01T13:16:38-05:00
638.jpeg	2021-12-01T19:12:55-05:00
639.jpeg	2021-12-01T19:12:58-05:00
640.jpeg	2021-12-02T13:26:32-05:00
641.jpeg	2021-12-02T19:19:33-05:00
642.jpeg	2021-12-03T13:20:58-05:00
643.jpeg	2021-12-03T19:07:00-05:00
644.jpeg	2021-12-04T10:56:58-05:00
645.jpeg	2021-12-04T18:39:59-05:00
646.jpeg	2021-12-05T12:29:57-05:00
647.jpeg	2021-12-05T18:51:44-05:00
648.jpeg	2021-12-06T13:13:47-05:00
649.jpeg	2021-12-06T18:32:58-05:00
650.jpeg	2021-12-07T12:58:09-05:00
651.jpeg	2021-12-07T19:09:05-05:00
652.jpeg	2021-12-08T12:14:31-05:00
653.jpeg	2021-12-08T19:08:12-05:00
654.jpeg	2021-12-09T13:48:44-05:00
655.jpeg	2021-12-09T19:08:42-05:00
656.jpeg	2021-12-10T13:41:46-05:00
657.jpeg	2021-12-10T19:13:29-05:00
658.jpeg	2021-12-11T13:09:13-05:00
659.jpeg	2021-12-11T19:08:00-05:00
660.jpeg	2021-12-12T13:22:41-05:00
661.jpeg	2021-12-12T19:08:34-05:00
662.jpeg	2021-12-13T17:52:35-05:00
663.jpeg	2021-12-14T12:58:53-05:00
664.jpeg	2021-12-15T17:52:00-05:00
665.jpeg	2021-12-16T12:36:47-05:00
666.jpeg	2021-12-16T18:21:01-05:00
667.jpeg	2021-12-17T18:43:16-05:00
668.jpeg	2021-12-18T11:16:27-05:00
669.jpeg	2021-12-18T11:19:35-05:00
670.jpeg	2022-01-20T18:04:30-05:00
671.jpeg	2022-01-21T19:40:37-05:00
672.jpeg	2022-01-22T18:04:47-05:00
673.jpeg	2022-01-23T04:12:53-05:00
674.jpeg	2022-01-23T19:36:13-05:00
675.jpeg	2022-01-24T12:01:15-05:00
676.jpeg	2022-01-24T18:42:49-05:00
677.jpeg	2022-01-25T11:40:17-05:00
678.jpeg	2022-01-25T19:07:26-05:00
679.jpeg	2022-01-26T12:19:55-05:00
680.jpeg	2022-01-26T19:53:32-05:00
681.jpeg	2022-01-27T11:51:46-05:00
682.jpeg	2022-01-27T20:03:01-05:00
683.jpeg	2022-01-28T12:52:08-05:00
684.jpeg	2022-01-28T19:17:08-05:00
685.jpeg	2022-01-29T12:59:19-05:00
686.jpeg	2022-01-29T19:28:19-05:00
687.jpeg	2022-01-30T11:09:50-05:00
688.jpeg	2022-01-30T18:18:15-05:00
689.jpeg	2022-01-31T14:02:36-05:00
690.jpeg	2022-01-31T19:15:32-05:00
691.jpeg	2022-01-31T19:24:30-05:00
692.jpeg	2022-02-01T11:55:41-05:00
693.jpeg	2022-02-01T17:31:52-05:00
694.jpeg	2022-02-02T12:29:47-05:00
695.jpeg	2022-02-03T11:46:06-05:00
696.jpeg	2022-02-03T19:57:35-05:00
697.jpeg	2022-02-04T12:18:47-05:00
698.jpeg	2022-02-04T19:36:56-05:00
699.jpeg	2022-02-05T13:26:51-05:00
700.jpeg	2022-02-05T19:55:44-05:00
701.jpeg	2022-02-06T11:15:31-05:00
702.jpeg	2022-02-06T19:25:17-05:00
703.jpeg	2022-02-07T11:14:34-05:00
704.jpeg	2022-02-07T11:14:37-05:00
705.jpeg	2022-02-07T19:07:56-05:00
706.jpeg	2022-02-08T11:09:32-05:00
707.jpeg	2022-02-08T18:43:28-05:00
708.jpeg	2022-02-09T11:22:25-05:00
709.jpeg	2022-02-09T19:20:45-05:00
710.jpeg	2022-02-10T11:06:45-05:00
711.jpeg	2022-02-10T19:27:22-05:00
712.jpeg	2022-02-11T12:06:49-05:00
713.jpeg	2022-02-12T12:14:20-05:00
714.jpeg	2022-02-12T19:07:14-05:00
715.jpeg	2022-02-12T19:31:41-05:00
716.jpeg	2022-02-13T19:06:33-05:00
717.jpeg	2022-02-14T12:03:16-05:00
718.jpeg	2022-02-14T19:09:45-05:00
719.jpeg	2022-02-15T11:07:29-05:00
720.jpeg	2022-02-15T18:38:15-05:00
721.jpeg	2022-02-16T11:21:21-05:00
722.jpeg	2022-02-16T19:22:45-05:00
723.jpeg	2022-02-17T18:48:10-05:00
724.jpeg	2022-02-18T12:14:11-05:00
725.jpeg	2022-02-19T13:40:15-05:00
726.jpeg	2022-02-20T11:12:17-05:00
727.jpeg	2022-02-20T20:34:48-05:00
728.jpeg	2022-02-21T11:19:07-05:00
729.jpeg	2022-02-21T19:06:17-05:00
730.jpeg	2022-02-22T11:06:11-05:00
731.jpeg	2022-02-22T18:38:29-05:00
732.jpeg	2022-02-23T11:12:52-05:00
733.jpeg	2022-02-23T19:15:26-05:00
734.jpeg	2022-02-24T11:08:19-05:00
735.jpeg	2022-02-24T19:21:46-05:00
736.jpeg	2022-02-25T12:15:18-05:00
737.jpeg	2022-02-25T19:08:15-05:00
738.jpeg	2022-02-26T17:54:21-05:00
739.jpeg	2022-02-27T13:18:02-05:00
740.jpeg	2022-02-27T19:06:09-05:00
741.jpeg	2022-02-28T13:25:21-05:00
742.jpeg	2022-02-28T19:20:39-05:00
743.jpeg	2022-03-01T13:02:21-05:00
744.jpeg	2022-03-01T19:05:47-05:00
745.jpeg	2022-03-02T11:26:00-05:00
746.jpeg	2022-03-02T19:13:30-05:00
747.jpeg	2022-03-02T19:16:05-05:00
748.jpeg	2022-03-03T11:51:20-05:00
749.jpeg	2022-03-03T19:05:12-05:00
750.jpeg	2022-03-04T11:10:49-05:00
751.jpeg	2022-03-04T18:41:09-05:00
752.jpeg	2022-03-05T11:58:28-05:00
753.jpeg	2022-03-05T19:55:38-05:00
754.jpeg	2022-03-06T13:32:35-05:00
755.jpeg	2022-03-06T19:38:11-05:00
756.jpeg	2022-03-07T11:18:09-05:00
757.jpeg	2022-03-07T19:08:04-05:00
758.jpeg	2022-03-08T11:40:34-05:00
759.jpeg	2022-03-09T12:30:42-05:00
760.jpeg	2022-03-09T19:27:40-05:00
761.jpeg	2022-03-10T11:55:39-05:00
762.jpeg	2022-03-10T19:26:34-05:00
763.jpeg	2022-03-11T12:09:20-05:00
764.jpeg	2022-03-11T18:09:39-05:00
765.jpeg	2022-03-12T12:00:55-05:00
766.jpeg	2022-03-12T19:39:43-05:00
767.jpeg	2022-03-13T18:00:59-04:00
768.jpeg	2022-03-14T18:52:10-04:00
769.jpeg	2022-03-15T11:04:14-04:00
770.jpeg	2022-03-15T18:17:49-04:00
771.jpeg	2022-03-16T11:27:19-04:00
772.jpeg	2022-03-16T19:45:22-04:00
773.jpeg	2022-03-17T12:03:00-04:00
774.jpeg	2022-03-17T19:05:59-04:00
775.jpeg	2022-03-18T11:55:22-04:00
776.jpeg	2022-03-18T19:39:33-04:00
777.jpeg	2022-03-19T11:47:48-04:00
778.jpeg	2022-03-20T17:42:07-04:00
779.jpeg	2022-03-21T11:20:45-04:00
780.jpeg	2022-03-21T18:43:09-04:00
781.jpeg	2022-03-22T11:04:33-04:00
782.jpeg	2022-03-22T18:26:54-04:00
783.jpeg	2022-03-23T19:15:12-04:00
784.jpeg	2022-03-24T11:56:24-04:00
785.jpeg	2022-03-24T18:39:38-04:00
786.jpeg	2022-03-25T12:09:18-04:00
787.jpeg	2022-03-25T18:55:23-04:00
788.jpeg	2022-03-26T12:22:02-04:00
789.jpeg	2022-03-27T18:26:39-04:00
790.jpeg	2022-03-28T17:22:00-04:00
791.jpeg	2022-03-29T11:06:33-04:00
792.jpeg	2022-03-29T17:59:21-04:00
793.jpeg	2022-03-30T11:56:09-04:00
794.jpeg	2022-03-30T19:12:22-04:00
795.jpeg	2022-03-30T19:42:40-04:00
796.jpeg	2022-03-31T12:00:22-04:00
797.jpeg	2022-03-31T20:31:03-04:00
798.jpeg	2022-04-01T11:41:49-04:00
799.jpeg	2022-04-02T13:47:23-04:00
800.jpeg	2022-04-02T19:48:39-04:00
801.jpeg	2022-04-03T18:23:33-04:00
802.jpeg	2022-04-03T18:31:46-04:00
803.jpeg	2022-04-04T13:56:29-04:00
804.jpeg	2022-04-04T19:48:31-04:00
805.jpeg	2022-04-05T13:47:54-04:00
806.jpeg	2022-04-06T13:15:36-04:00
807.jpeg	2022-04-06T19:25:05-04:00
808.jpeg	2022-04-10T13:07:29-04:00
809.jpeg	2022-04-11T11:25:52-04:00
810.jpeg	2022-04-11T18:54:18-04:00
811.jpeg	2022-04-12T11:08:09-04:00
812.jpeg	2022-04-12T18:23:21-04:00
813.jpeg	2022-04-12T18:49:56-04:00
814.jpeg	2022-04-13T11:18:50-04:00
815.jpeg	2022-04-13T19:13:20-04:00
816.jpeg	2022-04-13T19:13:45-04:00
817.jpeg	2022-04-14T12:00:26-04:00
818.jpeg	2022-04-15T11:47:39-04:00
819.jpeg	2022-04-15T19:51:00-04:00
820.jpeg	2022-04-16T12:37:03-04:00
821.jpeg	2022-04-16T18:58:53-04:00
822.jpeg	2022-04-17T09:25:09-04:00
823.jpeg	2022-04-17T19:10:14-04:00
824.jpeg	2022-04-18T17:38:20-04:00
825.jpeg	2022-04-19T11:09:16-04:00
826.jpeg	2022-04-19T18:55:07-04:00
827.jpeg	2022-04-20T19:10:39-04:00
828.jpeg	2022-04-21T12:02:20-04:00
829.jpeg	2022-04-21T18:52:50-04:00
830.jpeg	2022-04-22T11:54:49-04:00
831.jpeg	2022-04-23T19:39:10-04:00
832.jpeg	2022-04-24T20:00:33-04:00
833.jpeg	2022-04-25T17:50:47-04:00
834.jpeg	2022-04-26T13:57:15-04:00
835.jpeg	2022-04-27T13:11:30-04:00
836.jpeg	2022-04-28T12:01:28-04:00
837.jpeg	2022-04-28T18:42:24-04:00
838.jpeg	2022-04-29T11:47:22-04:00
839.jpeg	2022-04-29T18:42:46-04:00
840.jpeg	2022-04-30T12:34:27-04:00
841.jpeg	2022-04-30T18:12:47-04:00
842.jpeg	2022-05-01T18:56:12-04:00
843.jpeg	2022-05-02T11:25:48-04:00
844.jpeg	2022-05-02T18:58:46-04:00
845.jpeg	2022-05-03T11:04:36-04:00
846.jpeg	2022-05-04T12:01:18-04:00
847.jpeg	2022-05-04T19:12:09-04:00
848.jpeg	2022-05-05T11:26:26-04:00
849.jpeg	2022-05-05T11:27:46-04:00
850.jpeg	2022-05-05T18:54:11-04:00
851.jpeg	2022-05-06T11:45:52-04:00
852.jpeg	2022-05-06T19:34:20-04:00
853.jpeg	2022-05-07T11:58:52-04:00
854.jpeg	2022-05-07T19:39:13-04:00
855.jpeg	2022-05-08T12:03:36-04:00
856.jpeg	2022-05-08T19:23:14-04:00
857.jpeg	2022-05-09T11:20:10-04:00
858.jpeg	2022-05-09T19:00:13-04:00
859.jpeg	2022-05-10T11:12:11-04:00
860.jpeg	2022-05-10T18:58:26-04:00
861.jpeg	2022-05-11T10:48:28-04:00
862.jpeg	2022-05-11T19:36:31-04:00
863.jpeg	2022-05-12T12:52:23-04:00
864.jpeg	2022-05-12T20:02:39-04:00
865.jpeg	2022-05-13T17:32:02-04:00
866.jpeg	2022-05-14T11:09:44-04:00
867.jpeg	2022-05-14T18:42:06-04:00
868.jpeg	2022-05-15T18:03:59-04:00
869.jpeg	2022-05-16T11:42:20-04:00
870.jpeg	2022-05-16T19:00:19-04:00
871.jpeg	2022-05-17T17:58:09-04:00
872.jpeg	2022-05-18T13:10:35-04:00
873.jpeg	2022-05-18T19:37:20-04:00
874.jpeg	2022-05-19T12:29:39-04:00
875.jpeg	2022-05-19T18:52:31-04:00
876.jpeg	2022-05-20T18:51:52-04:00
877.jpeg	2022-05-21T16:37:07-04:00
878.jpeg	2022-08-30T11:14:34-04:00
879.jpeg	2022-09-12T17:10:11-04:00
880.jpeg	2022-09-13T11:45:09-04:00
881.jpeg	2022-10-11T18:58:03-04:00
882.jpeg	2022-10-11T19:24:45-04:00
883.jpeg	2022-10-28T18:17:45-04:00
884.jpeg	2022-10-28T18:35:38-04:00
885.jpeg	2022-11-28T19:14:47-05:00
886.jpeg	2022-11-28T19:37:19-05:00
887.jpeg	2022-12-05T14:21:11-05:00